chesscom-2023,chesscom-apk,HayDay-apk,lichess-2021-apk,lichess-apk,Lime-apk,tier-apk,
chesscom-2023,0.0,0.7923793196678162,0.9840653538703918,0.9660928249359131,0.9593282341957092,0.9881817698478699,0.9869346022605896,
chesscom-apk,0.7923793196678162,0.0,0.987433671951294,0.9628171324729919,0.9555196762084961,0.9732775688171387,0.9712842106819153,
HayDay-apk,0.9840653538703918,0.987433671951294,0.0,0.9799567461013794,0.9797739386558533,0.9094931483268738,0.947235643863678,
lichess-2021-apk,0.9660928249359131,0.9628171324729919,0.9799567461013794,0.0,0.6692883968353271,0.9862633943557739,0.9865565299987793,
lichess-apk,0.9593282341957092,0.9555196762084961,0.9797739386558533,0.6692883968353271,0.0,0.9860464930534363,0.985059916973114,
Lime-apk,0.9881817698478699,0.9732775688171387,0.9094931483268738,0.9862633943557739,0.9860464930534363,0.0,0.8880460262298584,
tier-apk,0.9869346022605896,0.9712842106819153,0.947235643863678,0.9865565299987793,0.985059916973114,0.8880460262298584,0.0,
