source,target,weight
2,2,0.0
2,3,0.13408238
3,3,0.0
1,2,0.96711683
1,3,0.9702537
1,1,0.0
