chesscom-2023,chesscom-apk,lichess-2021-apk,
chesscom-2023,0.0,0.7923793196678162,0.9660928249359131,
chesscom-apk,0.7923793196678162,0.0,0.9628171324729919,
lichess-2021-apk,0.9660928249359131,0.9628171324729919,0.0,
